焚天刀,会有没有人看啊,2024-10-05 07:51,IP属地:北京
害怕寂寞,不看，我怕我嫉妒你,2024-10-05 08:12,IP属地:广东
阳光卞的咪西,怎么才59粉丝？,2024-10-05 08:45,IP属地:内蒙古
特色西雪轨不怕太阳,不看不看，王八下蛋,2024-10-05 10:28,IP属地:山东
亚卡,对自己定位好清楚,2024-10-05 13:33,IP属地:黑龙江
玛西,关你了，抖音,2024-10-05 19:20,IP属地:河北
饥不果腹老蠹虫,给我小吧我就看,2024-10-05 20:04,IP属地:山东
霜醉,同九楼。,2024-10-05 20:25,IP属地:山东
朝歌,吧主这简介，清晰明了啊,2024-10-05 23:10,IP属地:重庆
边境人,吧主，没人会看的,2024-10-05 23:34,IP属地:山西
贴吧用户_5E5X8tJ,晚上开个直播,2024-10-06 06:31,IP属地:河南
吃香菜的猫X,没腿不看,2024-10-06 10:01,IP属地:广西
杨清源,给我小⑧我天天看,2024-10-06 11:03,IP属地:江苏
火乍弓单,口吧這個流量也夠你掙不少錢了啊,2024-10-06 13:18,IP属地:江西
探幂寻梅♣️,给个小吧就看,2024-10-06 21:17,IP属地:河南
waidoing,不是你真开货车啊,2024-10-07 00:55,IP属地:广西
贴吧用户_QtAbVZW,不愧是吧主，专吃吧u流量,2024-10-06 00:45:00
Lelouch3,,2024-10-06 08:13:27
蜗牛梓潼,,2024-10-10 08:11:50
东汉末年闹只因,3,2024-10-06 11:36:33
东汉末年闹只因,3,2024-10-06 11:36:37
东汉末年闹只因,3,2024-10-06 11:36:40
东汉末年闹只因,3,2024-10-06 11:36:44
炎魔战神,4,2024-10-06 11:52:10
炎魔战神,3,2024-10-06 11:52:16
炎魔战神,3,2024-10-06 11:52:21
炎魔战神,3,2024-10-06 11:52:25
梦想是睡到饱,3,2024-10-06 12:13:21
梦想是睡到饱,3,2024-10-06 12:13:24
梦想是睡到饱,3,2024-10-06 12:13:27
Ya吖,vivo个小吧,2024-10-07 08:57,IP属地:山东
A114,说实话，光靠签到升级太慢了，所以我就 复制了这段话遇评论就回，一次最少也得15 经验值，而且还能保证我的帖子不沉。,2024-10-07 09:35,IP属地:安徽
双面钓鱼佬,给我小吧我就看,2024-10-07 14:27,IP属地:湖南
此用户名大流行,给我小吧我就看,2024-10-07 18:24,IP属地:四川
ᠬᠥᠯᠦᠨ ᠪᠣᠢᠷ,已经遥遥领先了,2024-10-08 08:35,IP属地:贵州
涂山枭枭,倒卖烟草,2024-10-08 13:13,IP属地:山西
越箐楊,叫航吧吧主也开个账号，你俩直播pk,2024-10-08 13:24,IP属地:广东
轻音azusa喵,当口吧吧主天天用权利置顶自己的生活贴，建议让给别人,2024-10-08 21:07,IP属地:上海
すき懒羊羊,苍天已死，黄天当立。岁在甲子，天下大吉。,2024-10-09 10:11,IP属地:江西
焚天刀,可以,2024-10-08 20:17:03
djsj240,3,2024-10-08 20:02:07
秦鹤鸣,刀刀磨平了刀刀,2024-10-09 15:07,IP属地:四川
七依Mikeneko,没少看,2024-10-10 02:43,IP属地:山东
自无悠,(￣ー￣),2024-10-10 08:08,IP属地:广东
御厨詩衣音,罕见头子,2024-10-10 16:52,IP属地:陕西
我是重量级选手,给我艹我就看,2024-10-11 12:37,IP属地:上海
新星颂vivace,我会看看，虽然我没有上抖音的习惯,2024-10-11 22:25,IP属地:山东
空白￴,飞舞哈基刀,2024-10-12 22:06,IP属地:辽宁
理塘の大将,没活了可以咬打火机,2024-10-02 01:26,IP属地:辽宁
黄河鬼棺max,咬个打火机吧,2024-10-02 01:30,IP属地:广东
.兰陵王.,月批把口吧打下来了？,2024-10-02 08:35,IP属地:广东
BadCandy,哈人，不要抓我,2024-10-02 09:49,IP属地:河北
霜醉,你是？,2024-10-02 10:56,IP属地:辽宁
暂七师常乃超,你可以咬一口,2024-10-02 12:38,IP属地:山东
失义而后,恭迎盟主,2024-10-02 12:39,IP属地:河南
失义而后,恭迎盟主,2024-10-02 12:39,IP属地:上海
拉_,给你点一根？,2024-10-02 22:06:44
贴吧用户_JQGN2N2,,2024-10-04 07:43:05
东汉末年闹只因,3,2024-10-11 18:51:17
东汉末年闹只因,3,2024-10-11 18:51:21
嗷呜嗷呜淦,不是这怎么就置顶了,2024-10-02 15:56,IP属地:陕西
HuGoAbang,不咬点什么不合适吧,2024-10-02 17:55,IP属地:辽宁
贴吧用户_J76WK14,指甲里的灰很符合口吧身份,2024-10-02 19:28,IP属地:安徽
色茄子,神友开心的路过,2024-10-02 20:07,IP属地:云南
高焉然·Alter,唯一真神,2024-10-02 22:44,IP属地:北京
树洞观察,新家圈我,2024-10-03 01:04,IP属地:云南
